{"_runtime":8.8676943,"tuned_threshold":0.2899999999999999,"auc":0.8414814814814815,"_wandb":{"runtime":8},"f1_tuned":0.7171717171717171,"accuracy_default":0.7619047619047619,"_step":0,"precision_default":0.6382978723404256,"f1_default":0.6857142857142857,"recall_default":0.7407407407407407,"_timestamp":1.7463013104167376e+09,"recall_tuned":0.8765432098765432,"precision_tuned":0.6068376068376068}