{"_timestamp":1.7463002615004923e+09,"accuracy_default":0.35064935064935066,"tuned_threshold":0.8299999999999996,"recall_tuned":0.8148148148148148,"f1_default":0.5192307692307693,"precision_tuned":0.48175182481751827,"_step":0,"f1_tuned":0.6055045871559633,"_runtime":161.4808246,"_wandb":{"runtime":161},"auc":0.6902880658436213,"precision_default":0.35064935064935066,"recall_default":1}